timeStamp,elapsed,label,responseCode,responseMessage,threadName,dataType,success,failureMessage,bytes,sentBytes,grpThreads,allThreads,URL,Latency,IdleTime,Connect
1550690187401,1215,HTTP Request,404,Not Found,Thread Group 1-3,text,false,,418,129,10,10,https://oxfamapps.org/festivals123,1214,0,1073
1550690187601,1014,HTTP Request,404,Not Found,Thread Group 1-5,text,false,,418,129,10,10,https://oxfamapps.org/festivals123,1014,0,873
1550690188006,609,HTTP Request,404,Not Found,Thread Group 1-9,text,false,,418,129,10,10,https://oxfamapps.org/festivals123,609,0,471
1550690187319,1295,HTTP Request,404,Not Found,Thread Group 1-1,text,false,,418,129,10,10,https://oxfamapps.org/festivals123,1295,0,1157
1550690188105,512,HTTP Request,404,Not Found,Thread Group 1-10,text,false,,418,129,10,10,https://oxfamapps.org/festivals123,512,0,387
1550690187320,1295,HTTP Request,404,Not Found,Thread Group 1-2,text,false,,418,129,10,10,https://oxfamapps.org/festivals123,1295,0,1153
1550690187702,913,HTTP Request,404,Not Found,Thread Group 1-6,text,false,,418,129,10,10,https://oxfamapps.org/festivals123,913,0,774
1550690187909,706,HTTP Request,404,Not Found,Thread Group 1-8,text,false,,418,129,10,10,https://oxfamapps.org/festivals123,706,0,565
1550690187501,1114,HTTP Request,404,Not Found,Thread Group 1-4,text,false,,418,129,10,10,https://oxfamapps.org/festivals123,1114,0,974
1550690187802,813,HTTP Request,404,Not Found,Thread Group 1-7,text,false,,418,129,10,10,https://oxfamapps.org/festivals123,813,0,673
